event_type,root_cause_group,flow,business_type,rows,items,charges,examples
CANCELLATION,CANCEL_COLLAPSES_RECEIPTS_TO_PERIOD,RCL,Motor,6,5,0,L79959262-V1|L80035402-V1|L80236849-V1
CANCELLATION,CANCEL_COLLAPSES_RECEIPTS_TO_PERIOD,RCL,NonMotor,2,2,0,L80421949-1|L80517642-1
CANCELLATION,CANCEL_HOLD_UNSYNCED_SUCCESSFUL_PAYMENT,RCL,Motor,6,1,0,L78848241-V1
CANCELLATION,CANCEL_HOLD_UNSYNCED_SUCCESSFUL_PAYMENT,RCL,NonMotor,20,2,0,L79587523-1|L79988124-1
CANCELLATION,CANCEL_ITEM_WIDE_ALREADY_CANCELLED_EXCLUSION,RCB,Motor,6,6,0,L78708191-V1|L79160014-V1|L80555318-V1
CANCELLATION,CANCEL_MISSING_CREATE_PREDECESSOR,RCB,Motor,3,3,0,L78891393-M1|L80941710-M1|L80941710-V1
CANCELLATION,CANCEL_MISSING_CREATE_PREDECESSOR,RCB,NonMotor,2,2,0,L80824896-1|L80824898-1
CANCELLATION,CANCEL_MISSING_CREATE_PREDECESSOR,RCL,Motor,3,3,0,L80860685-V1|L80896379-V1|L80902882-V1
CANCELLATION,CANCEL_MISSING_CREATE_PREDECESSOR,RCL,NonMotor,2,2,0,L80779903-1|L80878738-1
CANCELLATION,OUTPUT_IDENTITY_PRESENT_DELIVERY_NOT_PROVEN,RCB,Motor,10,10,0,L78474340-V1|L78762640-V1|L78790562-M1
CANCELLATION,OUTPUT_IDENTITY_PRESENT_DELIVERY_NOT_PROVEN,RCB,NonMotor,2,2,0,L80928331-1|L79049981-1
CANCELLATION,OUTPUT_IDENTITY_PRESENT_DELIVERY_NOT_PROVEN,RCL,Motor,61,8,0,L79047811-M1|L79047811-V1|L79959262-V1
CANCELLATION,OUTPUT_IDENTITY_PRESENT_DELIVERY_NOT_PROVEN,RCL,NonMotor,61,7,0,L80421949-1|L80517642-1|L79157509-1
PAID,OUTPUT_IDENTITY_PRESENT_DELIVERY_NOT_PROVEN,RCB,Motor,88,87,66,L78891393-M1|L80941710-M1|L80941710-V1
PAID,OUTPUT_IDENTITY_PRESENT_DELIVERY_NOT_PROVEN,RCB,NonMotor,3,3,3,L80681012-1|L80717302-1|L80889630-1
PAID,OUTPUT_IDENTITY_PRESENT_DELIVERY_NOT_PROVEN,RCL,Motor,545,541,536,L79670013-V1|L79805184-V1|L79810151-V1
PAID,OUTPUT_IDENTITY_PRESENT_DELIVERY_NOT_PROVEN,RCL,NonMotor,67,65,67,L80779150-1|L80843199-1|L80901299-1
PAID,PAID_ON_CANCELLED_ITEM_REQUIRES_LIFECYCLE_REVIEW,RCL,Motor,11,10,11,L78403669-V1|L78848241-V1|L80663727-V1
PAID,PAID_ON_CANCELLED_ITEM_REQUIRES_LIFECYCLE_REVIEW,RCL,NonMotor,3,2,3,L80779903-1|L80878738-1
PAID,RCB_NO_EXISTING_ITEM_RECEIPT_ROUTE,RCB,Motor,1,1,1,L78949140-V1
PAID,RCL_MOTOR_ORDER_YEAR_2026_CUTOFF,RCL,Motor,85,84,85,L79312967-V1|L79329562-V1|L79331377-V1
PAID,RCL_NONMOTOR_CREDITSHELL_FOLLOWUP_SOURCE_GAP,RCL,NonMotor,41,40,41,L79327000-1|L79333459-1|L79446625-1
PAID,RCL_PAID_PERIOD_EXCLUDES_NEW_INVOICE,RCL,Motor,62,61,62,L78869745-V1|L78871425-V1|L78875096-V1
PAID,UPSTREAM_NO_ORDER_LINK,RCB,Unknown,290,0,290,dfc7af87-9ca4-4e51-8a00-e49c1d1c3574|e8433efb-2018-4bda-883a-0b66f18f3020|a487c501-7752-41fa-b335-3875b731c55b
PAID,UPSTREAM_NO_ORDER_LINK,RCL,Unknown,145,0,145,66760b3a-429e-40a0-bf5d-54c4ded1a9ad|fc78f25d-e123-4451-932c-8fcfbbe394d9|250f3caf-47ed-4ef6-b09b-899629497f87
