ActualReceived,InvoiceNo,OrderID,OrderItem,Period,checked_at_utc,rule_code
0.01,2_L77085994-V1,L77085994,L77085994-V1,1,2026-09-27 00:15:00,RCL_INVALID_ADDITIONAL_IDENTITY
0.01,2_L77152999-V1,L77152999,L77152999-V1,1,2026-09-27 00:15:00,RCL_AMBIGUOUS_RECEIPT_LINEAGE
0.02,2_L77152999-V1,L77152999,L77152999-V1,1,2026-09-27 00:15:00,RCL_AMBIGUOUS_RECEIPT_LINEAGE
0.02,2_L78024277-V1,L78024277,L78024277-V1,1,2026-09-27 00:15:00,RCL_INVALID_ADDITIONAL_IDENTITY
113.99,2_L78562610-V1,L78562610,L78562610-V1,1,2026-09-27 00:15:00,RCL_INVALID_ADDITIONAL_IDENTITY
0.24,2_L78771935-V1,L78771935,L78771935-V1,1,2026-09-27 00:15:00,RCL_INVALID_ADDITIONAL_IDENTITY
0.24,2_L78778955-V1,L78778955,L78778955-V1,1,2026-09-27 00:15:00,RCL_INVALID_ADDITIONAL_IDENTITY
5795.12,2_L80738383-V1,L80738383,L80738383-V1,1,2026-09-27 00:15:00,RCL_INVALID_ADDITIONAL_IDENTITY
1812.5,2_chrg_664d6elpe6k9qtr0ct6,L79422945,L79422945-V1,1,2026-09-27 00:15:00,RCL_INVALID_ADDITIONAL_IDENTITY
216.51,L80641527-V1,L80641527,L80641527-V1,2,2026-09-27 00:15:00,RCL_AMBIGUOUS_RECEIPT_LINEAGE
116.68,L80641527-V1,L80641527,L80641527-V1,2,2026-09-27 00:15:00,RCL_AMBIGUOUS_RECEIPT_LINEAGE
3600.55,L80738381-V1,L80738381,L80738381-V1,2,2026-09-27 00:15:00,RCL_INVALID_ADDITIONAL_IDENTITY
0.01,L77008478-V1,L77008478,L77008478-V1,3,2026-09-27 00:15:00,RCL_INVALID_ADDITIONAL_IDENTITY
0.01,L77029353-V1,L77029353,L77029353-V1,3,2026-09-27 00:15:00,RCL_INVALID_ADDITIONAL_IDENTITY
0.01,L77051224-V1,L77051224,L77051224-V1,3,2026-09-27 00:15:00,RCL_INVALID_ADDITIONAL_IDENTITY
0.01,L77073188-V1,L77073188,L77073188-V1,3,2026-09-27 00:15:00,RCL_INVALID_ADDITIONAL_IDENTITY
0.01,L77085190-V1,L77085190,L77085190-V1,3,2026-09-27 00:15:00,RCL_INVALID_ADDITIONAL_IDENTITY
0.01,L77090731-V1,L77090731,L77090731-V1,3,2026-09-27 00:15:00,RCL_INVALID_ADDITIONAL_IDENTITY
0.01,L77096562-V1,L77096562,L77096562-V1,3,2026-09-27 00:15:00,RCL_INVALID_ADDITIONAL_IDENTITY
0.01,L77099910-V1,L77099910,L77099910-V1,3,2026-09-27 00:15:00,RCL_INVALID_ADDITIONAL_IDENTITY
0.01,L77108993-V1,L77108993,L77108993-V1,3,2026-09-27 00:15:00,RCL_INVALID_ADDITIONAL_IDENTITY
0.01,L77123603-V1,L77123603,L77123603-V1,3,2026-09-27 00:15:00,RCL_INVALID_ADDITIONAL_IDENTITY
0.01,L77128927-V1,L77128927,L77128927-V1,3,2026-09-27 00:15:00,RCL_AMBIGUOUS_RECEIPT_LINEAGE
0.01,L77128927-V1,L77128927,L77128927-V1,3,2026-09-27 00:15:00,RCL_AMBIGUOUS_RECEIPT_LINEAGE
0.01,L77134255-V1,L77134255,L77134255-V1,3,2026-09-27 00:15:00,RCL_INVALID_ADDITIONAL_IDENTITY
0.01,L77150477-V1,L77150477,L77150477-V1,3,2026-09-27 00:15:00,RCL_INVALID_ADDITIONAL_IDENTITY
0.01,L77183907-V1,L77183907,L77183907-V1,3,2026-09-27 00:15:00,RCL_INVALID_ADDITIONAL_IDENTITY
0.01,L77185328-V1,L77185328,L77185328-V1,3,2026-09-27 00:15:00,RCL_INVALID_ADDITIONAL_IDENTITY
0.01,L77202190-V1,L77202190,L77202190-V1,3,2026-09-27 00:15:00,RCL_INVALID_ADDITIONAL_IDENTITY
0.01,L77206884-V1,L77206884,L77206884-V1,3,2026-09-27 00:15:00,RCL_INVALID_ADDITIONAL_IDENTITY
0.01,L77229804-V1,L77229804,L77229804-V1,3,2026-09-27 00:15:00,RCL_INVALID_ADDITIONAL_IDENTITY
0.01,L77231838-V1,L77231838,L77231838-V1,3,2026-09-27 00:15:00,RCL_INVALID_ADDITIONAL_IDENTITY
0.01,L77234510-V1,L77234510,L77234510-V1,3,2026-09-27 00:15:00,RCL_INVALID_ADDITIONAL_IDENTITY
0.01,L77238965-V1,L77238965,L77238965-V1,3,2026-09-27 00:15:00,RCL_INVALID_ADDITIONAL_IDENTITY
0.01,L77241615-V1,L77241615,L77241615-V1,3,2026-09-27 00:15:00,RCL_INVALID_ADDITIONAL_IDENTITY
0.01,L77299971-V1,L77299971,L77299971-V1,3,2026-09-27 00:15:00,RCL_INVALID_ADDITIONAL_IDENTITY
0.01,L77320690-V1,L77320690,L77320690-V1,3,2026-09-27 00:15:00,RCL_INVALID_ADDITIONAL_IDENTITY
0.01,L77374339-V1,L77374339,L77374339-V1,3,2026-09-27 00:15:00,RCL_INVALID_ADDITIONAL_IDENTITY
0.01,L77470696-V1,L77470696,L77470696-V1,3,2026-09-27 00:15:00,RCL_INVALID_ADDITIONAL_IDENTITY
0.01,L77750583-V1,L77750583,L77750583-V1,3,2026-09-27 00:15:00,RCL_INVALID_ADDITIONAL_IDENTITY
0.01,L78079601-V1,L78079601,L78079601-V1,3,2026-09-27 00:15:00,RCL_AMBIGUOUS_RECEIPT_LINEAGE
645.21,L78079601-V1,L78079601,L78079601-V1,3,2026-09-27 00:15:00,RCL_AMBIGUOUS_RECEIPT_LINEAGE
0.01,L78114013-V1,L78114013,L78114013-V1,3,2026-09-27 00:15:00,RCL_INVALID_ADDITIONAL_IDENTITY
0.01,L78163127-V1,L78163127,L78163127-V1,3,2026-09-27 00:15:00,RCL_INVALID_ADDITIONAL_IDENTITY
0.01,L78166686-V1,L78166686,L78166686-V1,3,2026-09-27 00:15:00,RCL_INVALID_ADDITIONAL_IDENTITY
0.01,L78262479-V1,L78262479,L78262479-V1,3,2026-09-27 00:15:00,RCL_INVALID_ADDITIONAL_IDENTITY
0.01,L78439855-V1,L78439855,L78439855-V1,3,2026-09-27 00:15:00,RCL_INVALID_ADDITIONAL_IDENTITY
0.01,L78547653-V1,L78547653,L78547653-V1,3,2026-09-27 00:15:00,RCL_INVALID_ADDITIONAL_IDENTITY
1868.33,chrg_63gjg5e1oct5r4jbh7d,L77088995,L77088995-V1,3,2026-09-27 00:15:00,RCL_INVALID_ADDITIONAL_IDENTITY
1868.33,chrg_63i2f2a4eg4yr5ilf1u,L78081492,L78081492-V1,3,2026-09-27 00:15:00,RCL_INVALID_ADDITIONAL_IDENTITY
2141.69,chrg_63iaf376tc4tjyk5hbj,L78079601,L78079601-V1,3,2026-09-27 00:15:00,RCL_INVALID_ADDITIONAL_IDENTITY
6333.33,chrg_63lyjkop9cbwszlhlg1,L78115579,L78115579-V1,3,2026-09-27 00:15:00,RCL_INVALID_ADDITIONAL_IDENTITY
4047.0,chrg_63nbex0deheu349rd9e,L78104149,L78104149-V1,3,2026-09-27 00:15:00,RCL_INVALID_ADDITIONAL_IDENTITY
1868.33,chrg_63ows4qrri1zxh6aor4,L77129603,L77129603-V1,3,2026-09-27 00:15:00,RCL_INVALID_ADDITIONAL_IDENTITY
3008.33,chrg_63p4n4plj9qmrlanmdi,L78144304,L78144304-V1,3,2026-09-27 00:15:00,RCL_INVALID_ADDITIONAL_IDENTITY
1868.33,chrg_63pkt4y8kuue3pm1qd1,L77084511,L77084511-V1,3,2026-09-27 00:15:00,RCL_INVALID_ADDITIONAL_IDENTITY
1868.33,chrg_63r7xsfwfz0ge4dkz2j,L77066515,L77066515-V1,3,2026-09-27 00:15:00,RCL_INVALID_ADDITIONAL_IDENTITY
1868.33,chrg_63u50bhslcvqq4uhcau,L77128927,L77128927-V1,3,2026-09-27 00:15:00,RCL_INVALID_ADDITIONAL_IDENTITY
2058.33,chrg_63vd5xtac8f809e3nwp,L76933754,L76933754-V1,3,2026-09-27 00:15:00,RCL_INVALID_ADDITIONAL_IDENTITY
1868.33,chrg_63y6tg0uyesg7wryxik,L77111163,L77111163-V1,3,2026-09-27 00:15:00,RCL_INVALID_ADDITIONAL_IDENTITY
1868.33,chrg_63zpt2iqimrtd8j9o6y,L77149520,L77149520-V1,3,2026-09-27 00:15:00,RCL_INVALID_ADDITIONAL_IDENTITY
10831.52,chrg_647z5g949qzxpzgkekm,L78190341,L78190341-V1,3,2026-09-27 00:15:00,RCL_INVALID_ADDITIONAL_IDENTITY
2263.31,chrg_648lw0x3qkp28k0fwb8,L77295672,L77295672-V1,3,2026-09-27 00:15:00,RCL_INVALID_ADDITIONAL_IDENTITY
2360.18,chrg_64c7zac3jv8bj3q8bg2,L77730127,L77730127-V1,3,2026-09-27 00:15:00,RCL_INVALID_ADDITIONAL_IDENTITY
2440.79,chrg_64d008c9i1609d76tyj,L78315011,L78315011-V1,3,2026-09-27 00:15:00,RCL_INVALID_ADDITIONAL_IDENTITY
1584.33,chrg_64e5xtgw8870fze5wif,L77225966,L77225966-V1,3,2026-09-27 00:15:00,RCL_INVALID_ADDITIONAL_IDENTITY
2263.31,chrg_64e9iz71wxrjpth2387,L78326453,L78326453-V1,3,2026-09-27 00:15:00,RCL_INVALID_ADDITIONAL_IDENTITY
2554.33,chrg_64e9ww19664c2488h3g,L78349699,L78349699-V1,3,2026-09-27 00:15:00,RCL_INVALID_ADDITIONAL_IDENTITY
1584.33,chrg_64eieqmn1ir1t8i6oxu,L78304237,L78304237-V1,3,2026-09-27 00:15:00,RCL_INVALID_ADDITIONAL_IDENTITY
6601.88,chrg_64f0jhaw7ucefm3ca4a,L77283873,L77283873-V1,3,2026-09-27 00:15:00,RCL_INVALID_ADDITIONAL_IDENTITY
0.01,L77624694-V1,L77624694,L77624694-V1,5,2026-09-27 00:15:00,RCL_INVALID_ADDITIONAL_IDENTITY
0.01,L74730737-V1,L74730737,L74730737-V1,6,2026-09-27 00:15:00,RCL_INVALID_ADDITIONAL_IDENTITY
0.01,L74769603-V1,L74769603,L74769603-V1,6,2026-09-27 00:15:00,RCL_INVALID_ADDITIONAL_IDENTITY
0.01,L74780515-V1,L74780515,L74780515-V1,6,2026-09-27 00:15:00,RCL_INVALID_ADDITIONAL_IDENTITY
0.01,L74811671-V1,L74811671,L74811671-V1,6,2026-09-27 00:15:00,RCL_INVALID_ADDITIONAL_IDENTITY
0.02,L76916867-V1,L76916867,L76916867-V1,6,2026-09-27 00:15:00,RCL_INVALID_ADDITIONAL_IDENTITY
0.01,L76919182-V1,L76919182,L76919182-V1,6,2026-09-27 00:15:00,RCL_INVALID_ADDITIONAL_IDENTITY
0.01,L76955544-V1,L76955544,L76955544-V1,6,2026-09-27 00:15:00,RCL_AMBIGUOUS_RECEIPT_LINEAGE
0.01,L76955544-V1,L76955544,L76955544-V1,6,2026-09-27 00:15:00,RCL_AMBIGUOUS_RECEIPT_LINEAGE
0.01,L76979936-V1,L76979936,L76979936-V1,6,2026-09-27 00:15:00,RCL_INVALID_ADDITIONAL_IDENTITY
11.81,L76995801-V1,L76995801,L76995801-V1,6,2026-09-27 00:15:00,RCL_INVALID_ADDITIONAL_IDENTITY
0.01,L76995808-V1,L76995808,L76995808-V1,6,2026-09-27 00:15:00,RCL_AMBIGUOUS_RECEIPT_LINEAGE
13.49,L76995808-V1,L76995808,L76995808-V1,6,2026-09-27 00:15:00,RCL_AMBIGUOUS_RECEIPT_LINEAGE
0.01,L77004778-V1,L77004778,L77004778-V1,6,2026-09-27 00:15:00,RCL_AMBIGUOUS_RECEIPT_LINEAGE
0.01,L77004778-V1,L77004778,L77004778-V1,6,2026-09-27 00:15:00,RCL_AMBIGUOUS_RECEIPT_LINEAGE
0.01,L77012166-V1,L77012166,L77012166-V1,6,2026-09-27 00:15:00,RCL_AMBIGUOUS_RECEIPT_LINEAGE
0.01,L77012166-V1,L77012166,L77012166-V1,6,2026-09-27 00:15:00,RCL_AMBIGUOUS_RECEIPT_LINEAGE
0.01,L77024412-V1,L77024412,L77024412-V1,6,2026-09-27 00:15:00,RCL_AMBIGUOUS_RECEIPT_LINEAGE
0.01,L77024412-V1,L77024412,L77024412-V1,6,2026-09-27 00:15:00,RCL_AMBIGUOUS_RECEIPT_LINEAGE
0.02,L77025978-V1,L77025978,L77025978-V1,6,2026-09-27 00:15:00,RCL_INVALID_ADDITIONAL_IDENTITY
0.01,L77029546-V1,L77029546,L77029546-V1,6,2026-09-27 00:15:00,RCL_AMBIGUOUS_RECEIPT_LINEAGE
0.01,L77029546-V1,L77029546,L77029546-V1,6,2026-09-27 00:15:00,RCL_AMBIGUOUS_RECEIPT_LINEAGE
0.02,L77030131-V1,L77030131,L77030131-V1,6,2026-09-27 00:15:00,RCL_INVALID_ADDITIONAL_IDENTITY
0.01,L77041603-V1,L77041603,L77041603-V1,6,2026-09-27 00:15:00,RCL_INVALID_ADDITIONAL_IDENTITY
0.01,L77046957-V1,L77046957,L77046957-V1,6,2026-09-27 00:15:00,RCL_AMBIGUOUS_RECEIPT_LINEAGE
5.93,L77046957-V1,L77046957,L77046957-V1,6,2026-09-27 00:15:00,RCL_AMBIGUOUS_RECEIPT_LINEAGE
0.01,L77051654-V1,L77051654,L77051654-V1,6,2026-09-27 00:15:00,RCL_AMBIGUOUS_RECEIPT_LINEAGE
0.01,L77051654-V1,L77051654,L77051654-V1,6,2026-09-27 00:15:00,RCL_AMBIGUOUS_RECEIPT_LINEAGE
0.01,L77080066-V1,L77080066,L77080066-V1,6,2026-09-27 00:15:00,RCL_AMBIGUOUS_RECEIPT_LINEAGE
0.01,L77080066-V1,L77080066,L77080066-V1,6,2026-09-27 00:15:00,RCL_AMBIGUOUS_RECEIPT_LINEAGE
0.01,L77102723-V1,L77102723,L77102723-V1,6,2026-09-27 00:15:00,RCL_AMBIGUOUS_RECEIPT_LINEAGE
0.01,L77102723-V1,L77102723,L77102723-V1,6,2026-09-27 00:15:00,RCL_AMBIGUOUS_RECEIPT_LINEAGE
0.01,L77113641-V1,L77113641,L77113641-V1,6,2026-09-27 00:15:00,RCL_AMBIGUOUS_RECEIPT_LINEAGE
0.01,L77113641-V1,L77113641,L77113641-V1,6,2026-09-27 00:15:00,RCL_AMBIGUOUS_RECEIPT_LINEAGE
0.01,L77123648-V1,L77123648,L77123648-V1,6,2026-09-27 00:15:00,RCL_AMBIGUOUS_RECEIPT_LINEAGE
0.01,L77123648-V1,L77123648,L77123648-V1,6,2026-09-27 00:15:00,RCL_AMBIGUOUS_RECEIPT_LINEAGE
0.01,L77146702-V1,L77146702,L77146702-V1,6,2026-09-27 00:15:00,RCL_AMBIGUOUS_RECEIPT_LINEAGE
0.01,L77146702-V1,L77146702,L77146702-V1,6,2026-09-27 00:15:00,RCL_AMBIGUOUS_RECEIPT_LINEAGE
0.01,L77233036-V1,L77233036,L77233036-V1,6,2026-09-27 00:15:00,RCL_AMBIGUOUS_RECEIPT_LINEAGE
0.01,L77233036-V1,L77233036,L77233036-V1,6,2026-09-27 00:15:00,RCL_AMBIGUOUS_RECEIPT_LINEAGE
0.01,L77287419-V1,L77287419,L77287419-V1,6,2026-09-27 00:15:00,RCL_AMBIGUOUS_RECEIPT_LINEAGE
0.01,L77287419-V1,L77287419,L77287419-V1,6,2026-09-27 00:15:00,RCL_AMBIGUOUS_RECEIPT_LINEAGE
0.02,L77336150-V1,L77336150,L77336150-V1,6,2026-09-27 00:15:00,RCL_INVALID_ADDITIONAL_IDENTITY
0.01,L77999762-V1,L77999762,L77999762-V1,6,2026-09-27 00:15:00,RCL_AMBIGUOUS_RECEIPT_LINEAGE
0.01,L77999762-V1,L77999762,L77999762-V1,6,2026-09-27 00:15:00,RCL_AMBIGUOUS_RECEIPT_LINEAGE
0.01,L78021746-V1,L78021746,L78021746-V1,6,2026-09-27 00:15:00,RCL_AMBIGUOUS_RECEIPT_LINEAGE
0.01,L78021746-V1,L78021746,L78021746-V1,6,2026-09-27 00:15:00,RCL_AMBIGUOUS_RECEIPT_LINEAGE
0.01,L78046750-V1,L78046750,L78046750-V1,6,2026-09-27 00:15:00,RCL_AMBIGUOUS_RECEIPT_LINEAGE
0.01,L78046750-V1,L78046750,L78046750-V1,6,2026-09-27 00:15:00,RCL_AMBIGUOUS_RECEIPT_LINEAGE
0.01,L78050891-V1,L78050891,L78050891-V1,6,2026-09-27 00:15:00,RCL_AMBIGUOUS_RECEIPT_LINEAGE
5.49,L78050891-V1,L78050891,L78050891-V1,6,2026-09-27 00:15:00,RCL_AMBIGUOUS_RECEIPT_LINEAGE
0.01,L78069032-V1,L78069032,L78069032-V1,6,2026-09-27 00:15:00,RCL_AMBIGUOUS_RECEIPT_LINEAGE
0.01,L78069032-V1,L78069032,L78069032-V1,6,2026-09-27 00:15:00,RCL_AMBIGUOUS_RECEIPT_LINEAGE
0.01,L78072972-V1,L78072972,L78072972-V1,6,2026-09-27 00:15:00,RCL_AMBIGUOUS_RECEIPT_LINEAGE
0.01,L78072972-V1,L78072972,L78072972-V1,6,2026-09-27 00:15:00,RCL_AMBIGUOUS_RECEIPT_LINEAGE
0.01,L78085609-V1,L78085609,L78085609-V1,6,2026-09-27 00:15:00,RCL_AMBIGUOUS_RECEIPT_LINEAGE
0.02,L78085609-V1,L78085609,L78085609-V1,6,2026-09-27 00:15:00,RCL_AMBIGUOUS_RECEIPT_LINEAGE
0.01,L78099522-V1,L78099522,L78099522-V1,6,2026-09-27 00:15:00,RCL_AMBIGUOUS_RECEIPT_LINEAGE
0.01,L78099522-V1,L78099522,L78099522-V1,6,2026-09-27 00:15:00,RCL_AMBIGUOUS_RECEIPT_LINEAGE
0.01,L78213014-V1,L78213014,L78213014-V1,6,2026-09-27 00:15:00,RCL_AMBIGUOUS_RECEIPT_LINEAGE
0.01,L78213014-V1,L78213014,L78213014-V1,6,2026-09-27 00:15:00,RCL_AMBIGUOUS_RECEIPT_LINEAGE
0.01,L78268488-V1,L78268488,L78268488-V1,6,2026-09-27 00:15:00,RCL_AMBIGUOUS_RECEIPT_LINEAGE
0.01,L78268488-V1,L78268488,L78268488-V1,6,2026-09-27 00:15:00,RCL_AMBIGUOUS_RECEIPT_LINEAGE
0.01,L78288078-V1,L78288078,L78288078-V1,6,2026-09-27 00:15:00,RCL_AMBIGUOUS_RECEIPT_LINEAGE
0.01,L78288078-V1,L78288078,L78288078-V1,6,2026-09-27 00:15:00,RCL_AMBIGUOUS_RECEIPT_LINEAGE
0.01,L78402169-V1,L78402169,L78402169-V1,6,2026-09-27 00:15:00,RCL_INVALID_ADDITIONAL_IDENTITY
0.01,L78463260-V1,L78463260,L78463260-V1,6,2026-09-27 00:15:00,RCL_AMBIGUOUS_RECEIPT_LINEAGE
0.01,L78463260-V1,L78463260,L78463260-V1,6,2026-09-27 00:15:00,RCL_AMBIGUOUS_RECEIPT_LINEAGE
2223.6,chrg_638jblibu827hrrbems,L74800780,L74800780-V1,6,2026-09-27 00:15:00,RCL_INVALID_ADDITIONAL_IDENTITY
2416.77,chrg_63pxsbcy1p5e32n5a9r,L78268488,L78268488-V1,6,2026-09-27 00:15:00,RCL_INVALID_ADDITIONAL_IDENTITY
2674.34,chrg_63rz9y180h2mu4y4haq,L77231964,L77231964-V1,6,2026-09-27 00:15:00,RCL_INVALID_ADDITIONAL_IDENTITY
3273.97,chrg_63v2f33rwlr9xa1weu6,L77129808,L77129808-V1,6,2026-09-27 00:15:00,RCL_INVALID_ADDITIONAL_IDENTITY
2776.83,chrg_63wco6d5llza0sgcryz,L76896603,L76896603-V1,6,2026-09-27 00:15:00,RCL_INVALID_ADDITIONAL_IDENTITY
1415.39,chrg_63xrwoobuuywmalo0k6,L78046750,L78046750-V1,6,2026-09-27 00:15:00,RCL_INVALID_ADDITIONAL_IDENTITY
1573.12,chrg_63y6333ykruvkbmqewg,L77287419,L77287419-V1,6,2026-09-27 00:15:00,RCL_INVALID_ADDITIONAL_IDENTITY
1845.73,chrg_63y7h2fu7stcae2ltmw,L77041690,L77041690-V1,6,2026-09-27 00:15:00,RCL_INVALID_ADDITIONAL_IDENTITY
2186.54,chrg_63zrqywn1pzkxdolrri,L77146702,L77146702-V1,6,2026-09-27 00:15:00,RCL_INVALID_ADDITIONAL_IDENTITY
2748.33,chrg_643n4szopztvivjsnf8,L78099522,L78099522-V1,6,2026-09-27 00:15:00,RCL_INVALID_ADDITIONAL_IDENTITY
1212.5,chrg_646pvuvle2pa4yh9caq,L77012166,L77012166-V1,6,2026-09-27 00:15:00,RCL_INVALID_ADDITIONAL_IDENTITY
1083.33,chrg_648dv39sz91n3ksaag1,L78463260,L78463260-V1,6,2026-09-27 00:15:00,RCL_INVALID_ADDITIONAL_IDENTITY
1350.16,chrg_648ou1zncg09qaevvm4,L77829701,L77829701-V1,6,2026-09-27 00:15:00,RCL_INVALID_ADDITIONAL_IDENTITY
1050.87,chrg_649h6cl0vgwdhium6y5,L78085609,L78085609-V1,6,2026-09-27 00:15:00,RCL_INVALID_ADDITIONAL_IDENTITY
2497.75,chrg_64c6nrzd07e9e9f4603,L76995808,L76995808-V1,6,2026-09-27 00:15:00,RCL_INVALID_ADDITIONAL_IDENTITY
2581.01,chrg_64e1fq4j9bf20xsj8z7,L78037906,L78037906-V1,6,2026-09-27 00:15:00,RCL_INVALID_ADDITIONAL_IDENTITY
2612.58,chrg_64e688ho7z75ng5a423,L77233036,L77233036-V1,6,2026-09-27 00:15:00,RCL_INVALID_ADDITIONAL_IDENTITY
2438.35,chrg_64e6ht6qwjhpizgzzu2,L77205458,L77205458-V1,6,2026-09-27 00:15:00,RCL_INVALID_ADDITIONAL_IDENTITY
1099.01,chrg_64enf8v63xnzhn481av,L77046957,L77046957-V1,6,2026-09-27 00:15:00,RCL_INVALID_ADDITIONAL_IDENTITY
1082.4,chrg_64eq5byaplooqfj0971,L77984353,L77984353-V1,6,2026-09-27 00:15:00,RCL_INVALID_ADDITIONAL_IDENTITY
1209.22,chrg_64ex9w6x8ck0f5kxym1,L77051654,L77051654-V1,6,2026-09-27 00:15:00,RCL_INVALID_ADDITIONAL_IDENTITY
1050.87,chrg_64flgj33y0hquud3zec,L78069032,L78069032-V1,6,2026-09-27 00:15:00,RCL_INVALID_ADDITIONAL_IDENTITY
2355.51,chrg_64giat8i0e807dqlzx6,L77123648,L77123648-V1,6,2026-09-27 00:15:00,RCL_INVALID_ADDITIONAL_IDENTITY
2302.35,chrg_64gvnjzbrqvj8hofkfx,L77044468,L77044468-V1,6,2026-09-27 00:15:00,RCL_INVALID_ADDITIONAL_IDENTITY
2765.0,chrg_64h34r2su9huqjths5y,L77024412,L77024412-V1,6,2026-09-27 00:15:00,RCL_INVALID_ADDITIONAL_IDENTITY
1883.39,chrg_64haa1nynik27if0hg6,L78099741,L78099741-V1,6,2026-09-27 00:15:00,RCL_INVALID_ADDITIONAL_IDENTITY
1212.61,chrg_64hcbndc4vn5yctmsde,L77102723,L77102723-V1,6,2026-09-27 00:15:00,RCL_INVALID_ADDITIONAL_IDENTITY
1050.87,chrg_64hf18q117xiulyrbwn,L77080066,L77080066-V1,6,2026-09-27 00:15:00,RCL_INVALID_ADDITIONAL_IDENTITY
2126.48,chrg_64hn19ngly27auwenpq,L76978657,L76978657-V1,6,2026-09-27 00:15:00,RCL_INVALID_ADDITIONAL_IDENTITY
1711.32,chrg_64hncmfthplbf7wanbb,L77108813,L77108813-V1,6,2026-09-27 00:15:00,RCL_INVALID_ADDITIONAL_IDENTITY
1535.74,chrg_64hozxmbgxj9t7ilmy0,L77999762,L77999762-V1,6,2026-09-27 00:15:00,RCL_INVALID_ADDITIONAL_IDENTITY
1065.83,chrg_64hp1bxqowbtogoi69m,L78050655,L78050655-V1,6,2026-09-27 00:15:00,RCL_INVALID_ADDITIONAL_IDENTITY
2117.83,chrg_64ia3jmjdcdo25fpsha,L78072972,L78072972-V1,6,2026-09-27 00:15:00,RCL_INVALID_ADDITIONAL_IDENTITY
2602.83,chrg_64wpv4h986qmme89p7m,L78132266,L78132266-V1,6,2026-09-27 00:15:00,RCL_INVALID_ADDITIONAL_IDENTITY
2256.27,chrg_64wy195wpzeojw1qvce,L78348016,L78348016-V1,6,2026-09-27 00:15:00,RCL_INVALID_ADDITIONAL_IDENTITY
1500.0,chrg_658p3x322jt6cmj7a8c,L77032552,L77032552-V1,6,2026-09-27 00:15:00,RCL_INVALID_ADDITIONAL_IDENTITY
1017.39,chrg_65aga5fhih11v2lob35,L77212914,L77212914-V1,6,2026-09-27 00:15:00,RCL_INVALID_ADDITIONAL_IDENTITY
1067.89,chrg_65agb9lqtw8vo1k8eab,L77183898,L77183898-V1,6,2026-09-27 00:15:00,RCL_INVALID_ADDITIONAL_IDENTITY
1064.47,chrg_65appkbyl6yr6ktd2f0,L77052305,L77052305-V1,6,2026-09-27 00:15:00,RCL_INVALID_ADDITIONAL_IDENTITY
0.01,L77051403-V1,L77051403,L77051403-V1,8,2026-09-27 00:15:00,RCL_INVALID_ADDITIONAL_IDENTITY
0.01,L77073203-V1,L77073203,L77073203-V1,8,2026-09-27 00:15:00,RCL_AMBIGUOUS_RECEIPT_LINEAGE
0.01,L77073203-V1,L77073203,L77073203-V1,8,2026-09-27 00:15:00,RCL_AMBIGUOUS_RECEIPT_LINEAGE
0.01,L77073203-V1,L77073203,L77073203-V1,8,2026-09-27 00:15:00,RCL_AMBIGUOUS_RECEIPT_LINEAGE
1732.46,chrg_6592oltutv7t0wjdcyt,L77051212,L77051212-V1,8,2026-09-27 00:15:00,RCL_INVALID_ADDITIONAL_IDENTITY
2793.29,chrg_65apnh7lcr76snr1ggw,L77018006,L77018006-V1,8,2026-09-27 00:15:00,RCL_INVALID_ADDITIONAL_IDENTITY
1812.31,chrg_67ggri3d14y81u6pk58,L77534919,L77534919-V1,8,2026-09-27 00:15:00,RCL_INVALID_ADDITIONAL_IDENTITY
0.01,L77373818-V1,L77373818,L77373818-V1,10,2026-09-27 00:15:00,RCL_INVALID_ADDITIONAL_IDENTITY
