audit_rows,business_type,date_scope,distinct_charges,event_type,flow,needs_review,order_items,orders,payment_mode,reason_code,reconciliation_status
1907,Motor,CURRENT_MONTH,0,CANCELLATION,RCL,true,328,328,INSTALLMENT,CANCEL_PENDING_DOC_WITH_TERMINAL_PERIOD,REVIEW
1063,NonMotor,CURRENT_MONTH,0,CANCELLATION,RCL,true,162,162,INSTALLMENT,CANCEL_PENDING_DOC_WITH_TERMINAL_PERIOD,REVIEW
744,Motor,CURRENT_MONTH,0,CANCELLATION,RCL,true,368,344,INSTALLMENT,CANCEL_DOCUMENT_STATUS_CONFLICT,REVIEW
438,NonMotor,CURRENT_MONTH,0,CANCELLATION,RCL,true,162,162,INSTALLMENT,CANCEL_DOCUMENT_STATUS_CONFLICT,REVIEW
421,Motor,CURRENT_MONTH,0,CANCELLATION,RCB,true,421,330,ONETIME,CANCEL_DOCUMENT_STATUS_CONFLICT,REVIEW
136,NonMotor,CURRENT_MONTH,0,CANCELLATION,RCB,true,136,136,ONETIME,CANCEL_DOCUMENT_STATUS_CONFLICT,REVIEW
79,NonMotor,CURRENT_MONTH,0,CANCELLATION,RCL,true,9,9,INSTALLMENT,CANCEL_STATUS_NOT_APPLIED,MISSING_TERMINAL_SAP_EVIDENCE
47,Motor,CURRENT_MONTH,0,CANCELLATION,RCL,true,6,6,INSTALLMENT,CANCEL_STATUS_NOT_APPLIED,MISSING_TERMINAL_SAP_EVIDENCE
35,Motor,CURRENT_MONTH,0,CANCELLATION,RCB,true,35,31,BANK_INSTALLMENT,CANCEL_DOCUMENT_STATUS_CONFLICT,REVIEW
15,NonMotor,CURRENT_MONTH,0,CANCELLATION,RCB,true,15,15,BANK_INSTALLMENT,CANCEL_DOCUMENT_STATUS_CONFLICT,REVIEW
15,Motor,CURRENT_MONTH,0,CANCELLATION,RCL,true,3,2,INSTALLMENT,CANCEL_CHANGE_ORDER_NOT_APPLIED,MISSING_TERMINAL_SAP_EVIDENCE
11,Motor,CURRENT_MONTH,0,CANCELLATION,RCL,true,5,5,INSTALLMENT,CANCEL_MULTIPLE_ROWS_SAME_PERIOD,MISSING_TERMINAL_SAP_EVIDENCE
9,Motor,CURRENT_MONTH,0,CANCELLATION,RCB,true,9,7,ONETIME,CANCEL_CHANGE_ORDER_NOT_APPLIED,MISSING_TERMINAL_SAP_EVIDENCE
6,Motor,CURRENT_MONTH,0,CANCELLATION,RCB,true,6,6,ONETIME,CANCEL_PARTIALLY_APPLIED,MISSING_TERMINAL_SAP_EVIDENCE
4,NonMotor,CURRENT_MONTH,0,CANCELLATION,RCL,true,2,2,INSTALLMENT,CANCEL_MULTIPLE_ROWS_SAME_PERIOD,MISSING_TERMINAL_SAP_EVIDENCE
3,Motor,CURRENT_MONTH,0,CANCELLATION,RCL,true,3,3,INSTALLMENT,CANCEL_CREATE_MISSING_IN_SAP,MISSING_TERMINAL_SAP_EVIDENCE
2,NonMotor,CURRENT_MONTH,0,CANCELLATION,RCL,true,2,2,INSTALLMENT,CANCEL_CREATE_MISSING_IN_SAP,MISSING_TERMINAL_SAP_EVIDENCE
2,NonMotor,CURRENT_MONTH,0,CANCELLATION,RCB,true,2,2,BANK_INSTALLMENT,CANCEL_CREATE_MISSING_IN_SAP,MISSING_TERMINAL_SAP_EVIDENCE
2,Motor,CURRENT_MONTH,0,CANCELLATION,RCB,true,2,1,ONETIME,CANCEL_CREATE_MISSING_IN_SAP,MISSING_TERMINAL_SAP_EVIDENCE
1,NonMotor,UNDATED_NOT_ASSIGNED_TO_MONTH,0,CANCELLATION,RCB,true,1,1,ONETIME,CANCEL_DATE_MISSING,REVIEW
1,Motor,CURRENT_MONTH,0,CANCELLATION,RCB,true,1,1,ONETIME,CANCEL_STATUS_NOT_APPLIED,MISSING_TERMINAL_SAP_EVIDENCE
1,NonMotor,CURRENT_MONTH,0,CANCELLATION,RCB,true,1,1,ONETIME,CANCEL_STATUS_NOT_APPLIED,MISSING_TERMINAL_SAP_EVIDENCE
1,Motor,CURRENT_MONTH,0,CANCELLATION,RCB,true,1,1,BANK_INSTALLMENT,CANCEL_CREATE_MISSING_IN_SAP,MISSING_TERMINAL_SAP_EVIDENCE
1,NonMotor,CURRENT_MONTH,0,CANCELLATION,RCB,true,1,1,ONETIME,CANCEL_CHANGE_ORDER_NOT_APPLIED,MISSING_TERMINAL_SAP_EVIDENCE
2651,Motor,CURRENT_MONTH,0,CANCELLATION,RCL,false,368,344,INSTALLMENT,MATCHED_SAP_CANCELLATION,MATCHED
1501,NonMotor,CURRENT_MONTH,0,CANCELLATION,RCL,false,162,162,INSTALLMENT,MATCHED_SAP_CANCELLATION,MATCHED
421,Motor,CURRENT_MONTH,0,CANCELLATION,RCB,false,421,330,ONETIME,MATCHED_SAP_CANCELLATION,MATCHED
136,NonMotor,CURRENT_MONTH,0,CANCELLATION,RCB,false,136,136,ONETIME,MATCHED_SAP_CANCELLATION,MATCHED
35,Motor,CURRENT_MONTH,0,CANCELLATION,RCB,false,35,31,BANK_INSTALLMENT,MATCHED_SAP_CANCELLATION,MATCHED
15,NonMotor,CURRENT_MONTH,0,CANCELLATION,RCB,false,15,15,BANK_INSTALLMENT,MATCHED_SAP_CANCELLATION,MATCHED
10,Motor,CURRENT_MONTH,0,CANCELLATION,RCB,false,10,7,ONETIME,CANCEL_NO_SAP_NO_SUCCESSFUL_PAYMENT,NOT_APPLICABLE
3613,Motor,CURRENT_MONTH,2695,PAID,RCB,true,3613,2695,ONETIME,FALLBACK_INVOICE_REVIEW,REVIEW
528,Motor,CURRENT_MONTH,528,PAID,RCL,true,524,524,INSTALLMENT,SAP_PERIOD_PENDING_RECEIPT_MISSING,MISSING_TERMINAL_SAP_EVIDENCE
520,Motor,CURRENT_MONTH,391,PAID,RCB,true,520,391,BANK_INSTALLMENT,FALLBACK_INVOICE_REVIEW,REVIEW
307,NonMotor,CURRENT_MONTH,307,PAID,RCB,true,307,307,ONETIME,FALLBACK_INVOICE_REVIEW,REVIEW
273,Unknown,CURRENT_MONTH,273,PAID,RCB,true,0,0,ONETIME,NO_CAREOS_ORDER,MISSING_TERMINAL_SAP_EVIDENCE
242,Motor,CURRENT_MONTH,189,PAID,RCB,true,242,189,ONETIME,MULTIPLE_SAP_RECEIPT_MATCHES,REVIEW
144,Unknown,CURRENT_MONTH,144,PAID,RCL,true,0,0,INSTALLMENT,NO_CAREOS_ORDER,MISSING_TERMINAL_SAP_EVIDENCE
125,Motor,CURRENT_MONTH,114,PAID,RCL,true,124,113,INSTALLMENT,MULTIPLE_SAP_RECEIPT_MATCHES,REVIEW
100,Motor,CURRENT_MONTH,100,PAID,RCL,true,96,96,INSTALLMENT,CHANGE_ORDER_NEW_FLOW_REVIEW,MISSING_TERMINAL_SAP_EVIDENCE
77,Motor,CURRENT_MONTH,58,PAID,RCB,true,77,58,ONETIME,MISSING_SOURCE_INVOICE,REVIEW
73,Motor,CURRENT_MONTH,57,PAID,RCB,true,73,57,ONETIME,SAP_ITEM_NOT_FOUND,MISSING_TERMINAL_SAP_EVIDENCE
66,Motor,CURRENT_MONTH,58,PAID,RCB,true,38,30,ONETIME,AMBIGUOUS_SOURCE_RECEIPT_IDENTITY,REVIEW
61,NonMotor,CURRENT_MONTH,61,PAID,RCL,true,61,61,INSTALLMENT,SOURCE_LEAD_NOT_PURCHASED_REVIEW,MISSING_TERMINAL_SAP_EVIDENCE
58,Motor,CURRENT_MONTH,49,PAID,RCL,true,58,49,INSTALLMENT,SAP_ITEM_NOT_FOUND,MISSING_TERMINAL_SAP_EVIDENCE
50,NonMotor,CURRENT_MONTH,50,PAID,RCL,true,46,46,INSTALLMENT,CHANGE_ORDER_NEW_FLOW_REVIEW,MISSING_TERMINAL_SAP_EVIDENCE
47,NonMotor,CURRENT_MONTH,47,PAID,RCB,true,47,47,BANK_INSTALLMENT,FALLBACK_INVOICE_REVIEW,REVIEW
22,NonMotor,CURRENT_MONTH,22,PAID,RCL,true,22,22,INSTALLMENT,MULTIPLE_SAP_RECEIPT_MATCHES,REVIEW
20,Motor,CURRENT_MONTH,17,PAID,RCB,true,20,17,BANK_INSTALLMENT,MULTIPLE_SAP_RECEIPT_MATCHES,REVIEW
17,Unknown,CURRENT_MONTH,17,PAID,RCB,true,0,0,BANK_INSTALLMENT,NO_CAREOS_ORDER,MISSING_TERMINAL_SAP_EVIDENCE
11,Motor,CURRENT_MONTH,6,PAID,RCB,true,11,6,BANK_INSTALLMENT,MISSING_SOURCE_INVOICE,REVIEW
10,Motor,CURRENT_MONTH,8,PAID,RCB,true,7,5,BANK_INSTALLMENT,AMBIGUOUS_SOURCE_RECEIPT_IDENTITY,REVIEW
10,NonMotor,CURRENT_MONTH,10,PAID,RCB,true,10,10,ONETIME,MISSING_SOURCE_INVOICE,REVIEW
10,Motor,CURRENT_MONTH,10,PAID,RCL,true,10,10,INSTALLMENT,ADDITIONAL_CHARGE_PAID_PERIOD_GATE,MISSING_TERMINAL_SAP_EVIDENCE
9,NonMotor,CURRENT_MONTH,9,PAID,RCB,true,9,9,ONETIME,MULTIPLE_SAP_RECEIPT_MATCHES,REVIEW
9,NonMotor,CURRENT_MONTH,9,PAID,RCB,true,5,5,ONETIME,AMBIGUOUS_SOURCE_RECEIPT_IDENTITY,REVIEW
7,Motor,CURRENT_MONTH,5,PAID,RCB,true,7,5,BANK_INSTALLMENT,SAP_ITEM_NOT_FOUND,MISSING_TERMINAL_SAP_EVIDENCE
6,Unknown,CURRENT_MONTH,6,PAID,RCB,true,0,0,ONETIME,AMBIGUOUS_SOURCE_RECEIPT_IDENTITY,REVIEW
5,NonMotor,CURRENT_MONTH,5,PAID,RCB,true,5,5,BANK_INSTALLMENT,MULTIPLE_SAP_RECEIPT_MATCHES,REVIEW
5,Motor,CURRENT_MONTH,3,PAID,RCB,true,4,2,ONETIME,CHANGE_ORDER_NEW_FLOW_REVIEW,MISSING_TERMINAL_SAP_EVIDENCE
5,Motor,CURRENT_MONTH,5,PAID,RCL,true,5,5,INSTALLMENT,SAP_PERIOD_NOT_FOUND,MISSING_TERMINAL_SAP_EVIDENCE
4,NonMotor,CURRENT_MONTH,4,PAID,RCB,true,4,4,BANK_INSTALLMENT,MISSING_SOURCE_INVOICE,REVIEW
2,Motor,CURRENT_MONTH,2,PAID,RCL,true,2,2,INSTALLMENT,CANCELLED_ITEM_RECEIPT_NOT_FOUND,MISSING_TERMINAL_SAP_EVIDENCE
2,Motor,CURRENT_MONTH,1,PAID,RCB,true,2,1,ONETIME,CANCELLED_ITEM_RECEIPT_NOT_FOUND,MISSING_TERMINAL_SAP_EVIDENCE
2,Motor,CURRENT_MONTH,2,PAID,RCB,true,2,2,ONETIME,SAP_AMOUNT_DIFF_ALLOCATION_REVIEW,REVIEW
2,Motor,CURRENT_MONTH,2,PAID,RCL,true,2,2,INSTALLMENT,SAP_AMOUNT_DIFF_ALLOCATION_REVIEW,REVIEW
2,NonMotor,CURRENT_MONTH,2,PAID,RCB,true,2,2,ONETIME,SOURCE_LEAD_NOT_PURCHASED_REVIEW,MISSING_TERMINAL_SAP_EVIDENCE
1,NonMotor,CURRENT_MONTH,1,PAID,RCB,true,1,1,BANK_INSTALLMENT,AMBIGUOUS_SOURCE_RECEIPT_IDENTITY,REVIEW
1,Unknown,CURRENT_MONTH,1,PAID,RCL,true,0,0,ONETIME,NO_CAREOS_ORDER,MISSING_TERMINAL_SAP_EVIDENCE
1,Motor,CURRENT_MONTH,1,PAID,RCL,true,1,1,INSTALLMENT,FALLBACK_INVOICE_REVIEW,REVIEW
1,NonMotor,CURRENT_MONTH,1,PAID,RCB,true,1,1,BANK_INSTALLMENT,SOURCE_LEAD_NOT_PURCHASED_REVIEW,MISSING_TERMINAL_SAP_EVIDENCE
1,Motor,CURRENT_MONTH,1,PAID,RCB,true,1,1,ONETIME,SAP_PAID_DIFFERENT_INVOICE,MISSING_TERMINAL_SAP_EVIDENCE
1,Motor,CURRENT_MONTH,1,PAID,RCB,true,1,1,BANK_INSTALLMENT,CANCELLED_ITEM_RECEIPT_NOT_FOUND,MISSING_TERMINAL_SAP_EVIDENCE
1,Motor,CURRENT_MONTH,1,PAID,RCL,true,1,1,INSTALLMENT,MISSING_SOURCE_INVOICE,REVIEW
14776,Motor,CURRENT_MONTH,14254,PAID,RCL,false,14493,13971,INSTALLMENT,MATCHED_SAP_RECEIPT_IDENTITY,MATCHED
5975,Motor,CURRENT_MONTH,4585,PAID,RCB,false,5924,4534,ONETIME,MATCHED_SAP_RECEIPT_IDENTITY,MATCHED
3031,Motor,CURRENT_MONTH,3031,PAID,RCL,false,2958,2958,INSTALLMENT,NOT_APPLICABLE_COMPULSORY_LATER_CHARGE,NOT_APPLICABLE
1958,NonMotor,CURRENT_MONTH,1958,PAID,RCL,false,1941,1941,INSTALLMENT,MATCHED_SAP_RECEIPT_IDENTITY,MATCHED
213,Motor,CURRENT_MONTH,156,PAID,RCB,false,213,156,BANK_INSTALLMENT,MATCHED_SAP_RECEIPT_IDENTITY,MATCHED
62,NonMotor,CURRENT_MONTH,62,PAID,RCB,false,59,59,ONETIME,MATCHED_SAP_RECEIPT_IDENTITY,MATCHED
48,Motor,CURRENT_MONTH,48,PAID,RCB,false,47,47,ONETIME,NOT_APPLICABLE_COMPULSORY_LATER_CHARGE,NOT_APPLICABLE
19,NonMotor,CURRENT_MONTH,19,PAID,RCB,false,19,19,BANK_INSTALLMENT,MATCHED_SAP_RECEIPT_IDENTITY,MATCHED
3,Motor,CURRENT_MONTH,3,PAID,RCB,false,3,3,BANK_INSTALLMENT,NOT_APPLICABLE_COMPULSORY_LATER_CHARGE,NOT_APPLICABLE
